مدل خودرو,شرکت سازنده,روغن موتور,روغن گیربکس (دستی یا اتوماتیک),سیال خنک¬کننده,
,,,بهران پیشتاز 20W-50,بهران تکتاز,
,,,بهران سوپر پیشتاز 20W-50,,بهران دی
,,,بهران سوپر پیشتاز 10W-40,,
,,,بهران سوپر پیشتاز 10W-40,بهران اتوماتیک VI,بهران دی
,,,,,بهران خودرو
,,,بهران رانا 10W-40,,بهران دی
,,,بهران رانا 10W-40,,بهران دی
,,,بهران رانا 10W-40,,
,,,بهران رانا 10W-40,,
,,,بهران رانا 10W-40,,
,,,بهران رانا 10W-40,,
,,,بهران رانا 10W-40,,
,,,بهران رانا 10W-40,,
,,,بهران رانا 10W-40,,
,,,بهران سوپر پیشتاز 10W-40,,
,,,بهران رانا 10W-40,,
,,,بهران سوپر پیشتاز 10W-40,,
,,,بهران سوپر پیشتاز 10W-40,,
,,,بهران رانا 10W-40,,
,,,,,
,,,,,
,,,بهران سوپر پیشتاز 10W-40,بهران سمند ویژه,بهران مهر
,,,بهران سوپر پیشتاز 10W-40,بهران سمند,بهران مهر
,,,بهران رانا 10W-40,,
,,,بهران سوپر پیشتاز 10W-40,,
,,,بهران سوپر پیشتاز 10W-40,بهران سمند,
,,,بهران سوپر رانا+ 5W-30,,بهران بهمن
,,,بهران سوپر رانا+ 5W-30,,بهران بهمن
,,,بهران سوپر رانا+ 5W-30,,بهران بهمن
"GS 430 سری S190، هشت سیلندر موتور 3UZ-FE",لکسوس,,بهران اولترا رانا 5W-30,,بهران بهمن
,,,بهران سوپر رانا+ 5W-30,,بهران پلور LPO
"2008 توربوشارژ، موتور THP165",پژو peugeot,,بهران سوپر رانا+ 5W-30,,بهران مهر
,,,,,بهران کولنت
,,,,,بهران بهمن
508 توربو شارژ موتور THP165,پژو peugeot,,بهران سوپر رانا+ 5W-30,بهران اتوماتیک MVLV,بهران کولنت
,,,,,بهران بهمن
,,,,,بهران مهر
اپیروس شش سیلندر,کیا KIA,,بهران اولترا رانا 5W-30,,بهران بهمن
,,,بهران سوپر رانا 5W-30,,بهران پلور LPO
301 موتور Vti115,پژو peugeot,,بهران سوپر رانا+ 10W-40,,بهران کولنت
,,,,,بهران مهر
,,,,,بهران بهمن
,,,سوپر رانا 5W-40,,بهران کولنت
,,,,,بهران بهمن
,,,,,بهران مهر
,,,بهران سوپر پیشتاز 20W-50,,بهران بهمن
,,,بهران سوپر پیشتاز 20W-50,,بهران بهمن
,,,بهران سوپر پیشتاز 20W-50,,بهران بهمن
,,,بهران سوپر پیشتاز 10W-40,,بهران بهمن
نیو کوراندو فیس لیفت موتور G20DF,سانگ یانگ,,بهران اولترا رانا 5W-30,بهران اتوماتیک MVLV,بهران بهمن
,,,بهران سوپر رانا+ 5W-30,,بهران پلور LPO
,,,بهران سوپر پیشتاز 10W-40,,بهران بهمن
,,,بهران سوپر پیشتاز 10W-40,,بهران بهمن
"آریو موتور 4A91S ،1500",سایپا,,بهران رانا 10W-40,بهران سمند,بهران کولنت
,,,,,بهران بهمن
,,,,,بهران مهر
206 صندوقدار موتور TU5,پژو peugeot,,بهران سوپر پیشتاز 10W-40,بهران سمند NFJ 75W-80,بهران کولنت
,,,,بهران سمند ویژه,بهران بهمن
,,,,,بهران مهر
"207i دنده دستی، موتور TU5",پژو peugeot,,بهران رانا 10W-40,بهران سمند NFJ 75W-80,بهران بهمن
,,,,بهران سمند ویژه,بهران کولنت
,,,,,بهران مهر
"J3 صندوقدار، موتور 4G131S1",جک,,بهران رانا 10W-40,بهران سمند,بهران کولنت
,,,,بهران سمند,بهران بهمن
,,,,,بهران مهر
"530 موتورSQR484F، اتومات",مدیران خودرو,,بهران سوپر پیشتاز 10W-40,بهران اتوماتیک CVT,بهران بهمن
,,,,,بهران کولنت
,,,,,بهران مهر
,,,بهران سوپر پیشتاز 10W-40,,بهران بهمن
"امگراند 7 موتور، JL4G18",جیلی Geely,,بهران رانا 10W-40,,بهران کولنت
,,,,,بهران بهمن
,,,,,بهران مهر
امگراند X7 موتور JLD-4G24,جیلی Geely,,بهران رانا 10W-40,,بهران بهمن
,,,,,بهران کولنت
,,,,,بهران مهر
"امگراند RV7، هاچ بک موتور JL4G18",جیلی Geely,,بهران رانا 10W-40,,بهران بهمن
,,,,,بهران مهر
,,,,,بهران کولنت
GC6 موتور JLD-4G15,جیلی Geely,,بهران رانا 10W-40,,بهران مهر
,,,,,بهران کولنت
,,,,,بهران بهمن
X 60 موتور LFB479Q اتومات,لیفان,,بهران رانا 10W-40,بهران اتوماتیک CVT,بهران بهمن
,,,,,بهران کولنت
,,,,,بهران مهر
X 50 موتور LFB479Q2-B اتومات,لیفان,,بهران رانا 10W-40,بهران اتوماتیک CVT,بهران کولنت
,,,,,بهران بهمن
,,,,,بهران مهر
820 موتور LF489Q,لیفان,,بهران سوپر پیشتاز 10W-40,بهران اتوماتیک MV,بهران مهر
,,,,,بهران کولنت
,,,,,بهران بهمن
"620 1800، موتور LFB479Q",لیفان,,بهران سوپر پیشتاز 10W-40,بهران سمند,بهران مهر
,,,,,بهران کولنت
,,,,,بهران بهمن
"207i اتومات، موتور TU5",پژو peugeot,,بهران رانا 10W-40,بهران اتوماتیک LT 71141,بهران کولنت
,,,,,بهران بهمن
520i موتور LF481Q3,لیفان,,بهران سوپر پیشتاز 20W-50,بهران سمند,بهران کولنت
,,,,,بهران بهمن
,,,,,بهران مهر
"110 سه سیلندر، موتور SQR372",مدیران خودرو,,بهران سوپر پیشتاز 10W-40,بهران سمند ویژه,بهران بهمن
,,,,بهران سمند,بهران کولنت
,,,,,بهران مهر
"110 چهار سیلندر، موتور SQR472",مدیران خودرو,,بهران سوپر پیشتاز 10W-40,بهران سمند ویژه,بهران بهمن
,,,,بهران سمند,بهران کولنت
,,,,,بهران مهر
"110 S، موتور SQR371F",مدیران خودرو,,بهران سوپر پیشتاز 10W-40,بهران سمند ویژه,بهران مهر
,,,,بهران سمند,بهران کولنت
,,,,,بهران بهمن
315 موتور SQR477F,مدیران خودرو,,بهران سوپر پیشتاز 10W-40,بهران سمند,بهران بهمن
,,,,,بهران کولنت
,,,,,بهران مهر
"550 موتور SQR484F، اتومات",مدیران خودرو,,بهران سوپر پیشتاز 10W-40,بهران اتوماتیک CVT,بهران کولنت
,,,,,بهران بهمن
,,,,,بهران مهر
"X22 موتور SQRD4G15B، اتومات",مدیران خودرو,,بهران سوپر پیشتاز 10W-40,بهران اتوماتیک MV,بهران مهر
,,,,,بهران کولنت
,,,,,بهران بهمن
"X33 موتور SQR484F، اتومات",مدیران خودرو,,بهران سوپر پیشتاز 10W-40,بهران اتوماتیک CVT,بهران مهر
,,,,,بهران کولنت
,,,,,بهران بهمن
"CS35 موتور JL478QEE، اتومات",چانگان,,بهران رانا 10W-40,بهران اتوماتیک MVLV,بهران مهر
,,,,,بهران کولنت
,,,,,بهران بهمن
"ایدو موتور H16NA-DVVT، اتومات",چانگان,,بهران رانا 10W-40,بهران اتوماتیک MVLV,بهران مهر
,,,,,بهران کولنت
,,,,,بهران بهمن
S30 موتور TU5 اتوماتیک,دانگ فنگ,,بهران رانا 10W-40,بهران اتوماتیک MV,بهران مهر
,,,,,بهران کولنت
,,,,,بهران بهمن
"نیو اکتیون موتور، G23D",سانگ یانگ,,بهران اولترا رانا 5W-30,بهران اتوماتیک MV,بهران بهمن
,,,بهران سوپر رانا+ 5W-30,,بهران پلور LPO
"H30 موتور، TU5 اتومات",دانگ فنگ,,بهران رانا 10W-40,بهران اتوماتیک MV,بهران مهر
,,,,,بهران کولنت
,,,,,بهران بهمن
"H30 موتور، TU5 دنده ای",دانگ فنگ,,بهران رانا 10W-40,بهران سمند ویژه,بهران مهر
,,,,,بهران کولنت
,,,,,بهران بهمن
"S7 2000 اتومات، موتور HM484Q-A",هایما,,بهران رانا 10W-40,بهران اتوماتیک MV,بهران مهر
,,,,,بهران کولنت
,,,,,بهران بهمن
"S7 1800 اتومات،موتور توربو HM484Q-T",هایما,,بهران رانا 10W-40,بهران اتوماتیک MVLV,بهران مهر
,,,,,بهران کولنت
,,,,,بهران بهمن
S5 موتور توربو HMA GN15-TF,هایما,,بهران رانا 10W-40,بهران اتوماتیک CVT,بهران مهر
,,,,,بهران بهمن
,,,,,بهران کولنت
"S3 موتور HFC4GB2.3D، دنده دستی",جک,,بهران رانا 10W-40,بهران سمند,بهران مهر
,,,,,بهران کولنت
,,,,,بهران بهمن
"J3 هاچ بک، موتور 4G131S1",جک,,بهران رانا 10W-40,بهران سمند,بهران کولنت
,,,,بهران سمند,بهران بهمن
,,,,,بهران مهر
"J4 موتور، HFC4GB2.3D",جک,,بهران رانا 10W-40,بهران اتوماتیک CVT,بهران مهر
,,,,,بهران کولنت
,,,,,بهران بهمن
"S5 توربوشارژ موتور HFC4GA3/1D، دنده دستی",جک,,بهران رانا 10W-40,بهران سمند,بهران بهمن
,,,,بهران سمند,بهران کولنت
,,,,,بهران مهر
"سورنتو UM فیس لیفت، موتور THETA II GDI I4",کیا KIA,,بهران اولترا رانا 5W-30,بهران اتوماتیک MVLV,بهران بهمن
,,,بهران سوپر رانا 5W-30,,بهران پلور LPO
"J5 1800، موتور 4G93D-1.8 NA- اتوماتیک",جک,,بهران رانا 10W-40,بهران اتوماتیک MV,بهران کولنت
,,,,,بهران بهمن
,,,,,بهران مهر
"J5 1500، موتور 4GB2.3C-1.5 vvt- دنده دستی",جک,,بهران رانا 10W-40,بهران سمند,بهران مهر
,,,,,بهران کولنت
,,,,,بهران بهمن
تیوولی موتور G16DF,سانگ یانگ,,بهران اولترا رانا 5W-30,بهران اتوماتیک MV,بهران پلور LPO
,,,بهران سوپر رانا+ 5W-30,,بهران بهمن
,,,بهران سوپر رانا 5W-30,,بهران پلور LPO
,,,,,بهران بهمن
اکتیون موتور G23D,سانگ یانگ,,بهران اولترا رانا 5W-30,بهران اتوماتیک MV,بهران بهمن
,,,بهران سوپر رانا+ 5W-30,,بهران پلور LPO
,,,بهران سوپر رانا 5W-30,,بهران بهمن
"کوراندو 6 سیلندر، موتور IL6 3200 MB-M104-99x",سانگ یانگ,,بهران رانا 10W-40,,بهران بهمن
,,,,,بهران پلور LPO
"آریو موتور 1600، 4A92S",سایپا,,بهران رانا 10W-40,بهران سمند,بهران کولنت
,,,,,بهران بهمن
,,,,,بهران مهر
"تیبا موتور، M15",سایپا,,بهران پیشتاز 10W-40,بهران سمند,بهران مهر
,,,,,بهران کولنت
,,,,,بهران بهمن
پراید انواع موتور یورو 4,سایپا,,بهران پیشتاز 10W-40,بهران سمند,بهران مهر
,,,,,بهران کولنت
,,,,,بهران بهمن
پراید کاربراتوری,سایپا,,بهران پیشتاز 20W-50,بهران سمند,بهران مهر
,,,,,بهران بهمن
,,,,,بهران کولنت
ساینا موتور M15,سایپا,,بهران پیشتاز 10W-40,بهران سمند,بهران کولنت
,,,,,بهران بهمن
,,,,,بهران مهر
کوئیک موتور M15,سایپا,,بهران پیشتاز 10W-40,بهران سمند,بهران کولنت
,,,,,بهران بهمن
,,,,,بهران مهر
V5 موتور 4A92A دنده دستی,برلیانس,,بهران سوپر پیشتاز 10W-40,بهران سمند,بهران کولنت
,,,,,بهران بهمن
,,,,,بهران مهر
"H220 موتورBM15L، دنده دستی",برلیانس,,بهران سوپر پیشتاز 10W-40,بهران سمند,بهران مهر
,,,,,بهران کولنت
,,,,,بهران بهمن
"H230 موتور، BM15L دنده دستی",برلیانس,,بهران سوپر پیشتاز 10W-40,بهران سمند,بهران مهر
,,,,,بهران کولنت
,,,,,بهران بهمن
"H320 موتور 1.65 لیتری، BM16LB اتومات",برلیانس,,بهران سوپر پیشتاز 10W-40,بهران اتوماتیک MV,بهران مهر
,,,,,بهران کولنت
,,,,,بهران بهمن
"H320 موتور 1.5 لیتری، BM15L اتوماتیک",برلیانس,,بهران سوپر پیشتاز 10W-40,بهران اتوماتیک MV,بهران مهر
,,,,,بهران کولنت
,,,,,بهران بهمن
"H330 موتور 1.5 لیتری، BM15L اتومات",برلیانس,,بهران سوپر پیشتاز 10W-40,بهران اتوماتیک MV,بهران مهر
,,,,,بهران کولنت
,,,,,بهران بهمن
"H330 موتور 1.65 لیتری، BM16LB اتومات",برلیانس,,بهران سوپر پیشتاز 10W-40,بهران اتوماتیک MV,بهران مهر
,,,,,بهران کولنت
,,,,,بهران بهمن
,,,بهران سوپر رانا 0W-20,,بهران مهر
,,,,,بهران بهمن
"NX 300H، موتور هیبرید 2AR-FXE",لکسوس,,بهران سوپر رانا 0W-20,بهران اتوماتیک MVLV,بهران پلور LPO
,,,,,بهران بهمن
,,,بهران سوپر رانا 0W-20,,بهران مهر
,,,,,بهران بهمن
"NX 200T، موتور توربو 8AR-FTS",لکسوس,,بهران سوپر رانا 0W-20,بهران اتوماتیک MVLV,بهران پلور LPO
,,,,,بهران بهمن
"RX 350 نسل دوم (XU30)، موتور 2GR-FE",لکسوس,,بهران اولترا رانا 5W-30,بهران اتوماتیک MVLV,بهران بهمن
,,,بهران سوپر رانا+ 5W-30,,بهران پلور LPO
,,,بهران سوپر رانا 0W-20,,بهران مهر
,,,,,بهران بهمن
"RX 200 نسل چهارم (AL20)، موتور توربو 8AR-FTS",لکسوس,,بهران سوپر رانا 0W-20,بهران اتوماتیک MVLV,بهران پلور LPO
,,,,,بهران بهمن
"GS 460 سری S190، هشت سیلندر موتور 1UR-FE",لکسوس,,بهران اولترا رانا 5W-30,,بهران بهمن
,,,بهران سوپر رانا+ 5W-30,,بهران پلور LPO
6 سیلندر موتور 4GR-FSE,لکسوس,,بهران سوپر رانا 0W-20,,بهران مهر
,,,,,بهران بهمن
"GS 250 سری L10، موتور 4GR-FSE",لکسوس,,بهران سوپر رانا 0W-20,,بهران بهمن
,,,,,بهران پلور LPO
"LX 570 8 سیلندر، موتور 3UR-FE",لکسوس,,بهران سوپر رانا+ 5W-30,,بهران بهمن
,,,,,بهران پلور LPO
"LS 460 8 سیلندر، موتور 1UR-FSE",لکسوس,,بهران سوپر رانا+ 5W-30,,بهران بهمن
,,,,,بهران پلور LPO
"IS 250، 6 سیلندر موتور 4GR-FSE",لکسوس,,بهران سوپر رانا 0W-20,,بهران بهمن
,,,,,بهران پلور LPO
"IS 250-اف اسپورت، 6 سیلندر موتور 4GR-FSE",لکسوس,,بهران سوپر رانا 0W-20,,بهران بهمن
,,,,,بهران پلور LPO
6 سیلندر موتور 3GR-FE,لکسوس,,بهران سوپر رانا 5W-30,,بهران مهر
,,,,,بهران بهمن
"IS 300، 6 سیلندر موتور 3GR-FE",لکسوس,,بهران اولترا رانا 5W-30,,بهران پلور LPO
,,,بهران سوپر رانا+ 5W-30,,بهران بهمن
"IS 300 کروک، 6 سیلندر موتور 3GR-FE",لکسوس,,بهران اولترا رانا 5W-30,,بهران پلور LPO
,,,بهران سوپر رانا+ 5W-30,,بهران بهمن
"ES350 XV40، شش سیلندر موتور 2GR-FE",لکسوس,,بهران اولترا رانا 5W-30,بهران اتوماتیک MVLV,بهران بهمن
,,,بهران سوپر رانا+ 5W-30,,بهران پلور LPO
"ES250 4 سیلندر، موتور 2AR-FE",لکسوس,,بهران سوپر رانا 0W-20,بهران اتوماتیک MVLV,بهران پلور LPO
,,,,,بهران بهمن
"ES350 XV60، شش سیلندر موتور 2GR-FE",لکسوس,,بهران اولترا رانا 5W-30,بهران اتوماتیک MVLV,بهران بهمن
,,,بهران سوپر رانا+ 5W-30,,بهران پلور LPO
,,,بهران سوپر رانا 0W-20,,بهران مهر
,,,,,بهران بهمن
"CT 200H 4 سیلندر، موتور 2ZR-FXE",لکسوس,,بهران سوپر رانا 0W-20,بهران اتوماتیک MVLV,بهران پلور LPO
,,,,,بهران بهمن
"3 موتور 15S4C، اتومات AMT",ام جی,,بهران اولترا رانا 5W-30,بهران سمند ویژه,بهران مهر
,,,بهران سوپر رانا 5W-30,بهران سمند,بهران کولنت
,,,,,بهران بهمن
GT 6 موتور توربو 18K4G,ام جی,,بهران اولترا رانا 5W-30,بهران اتوماتیک MV,بهران کولنت
,,,بهران سوپر رانا 5W-30,,بهران بهمن
,,,,,بهران مهر
"GT 6 مگنت، موتور توربو 18K4G",ام جی,,بهران اولترا رانا 5W-30,بهران اتوماتیک MV,بهران کولنت
,,,بهران سوپر رانا 5W-30,,بهران بهمن
,,,,,بهران مهر
,,,بهران سوپر رانا 5W-30,,بهران بهمن
,,,,,بهران مهر
"GT 6 فیس لیفت، موتور توربو 18K4G",ام جی,,بهران اولترا رانا 5W-30,بهران اتوماتیک DCT,بهران کولنت
,,,بهران سوپر رانا 5W-30,,بهران بهمن
,,,,,بهران مهر
GT توربو موتور 15E4E,ام جی,,بهران اولترا رانا 5W-30,بهران اتوماتیک MVLV,بهران کولنت
,,,بهران سوپر رانا 5W-30,,بهران بهمن
,,,,,بهران مهر
360 موتور توربو اتومات 15E4E,ام جی,,بهران اولترا رانا 5W-30,بهران اتوماتیک MVLV,بهران کولنت
,,,بهران سوپر رانا 5W-30,,بهران بهمن
,,,,,بهران مهر
"RX5 توربوشارژ، موتور 2T-TST",ام جی,,بهران اولترا رانا 5W-30,بهران اتوماتیک DCT,بهران کولنت
,,,بهران سوپر رانا 5W-30,,بهران بهمن
,,,,,بهران مهر
هاوال H6 موتور 4G69S4M,گریت وال,,سوپر رانا 5W-40,بهران اتوماتیک MV,بهران کولنت
,,,,,بهران بهمن
,,,,,بهران مهر
"360 موتور، 15S4C اتومات",ام جی,,بهران اولترا رانا 5W-30,بهران اتوماتیک MVLV,بهران کولنت
,,,بهران سوپر رانا 5W-30,,بهران بهمن
,,,,,بهران مهر
,,,بهران سوپر رانا 5W-30,,بهران بهمن
,,,,,بهران مهر
,,,بهران سوپر رانا 5W-30,,بهران بهمن
,,,,,بهران مهر
550 توربوشارژر موتور- 18K4G,ام جی,,بهران اولترا رانا 5W-30,بهران اتوماتیک MV,بهران کولنت
,,,بهران سوپر رانا 5W-30,,بهران بهمن
,,,,,بهران مهر
GS توربوشارژر موتور 2T-TST,ام جی,,بهران اولترا رانا 5W-30,بهران اتوماتیک DCT,بهران کولنت
,,,بهران سوپر رانا+ 5W-30,,بهران بهمن
,,,,,بهران مهر
350 موتور 15S4C,ام جی,,بهران اولترا رانا 5W-30,بهران اتوماتیک MV,بهران کولنت
,,,بهران سوپر رانا 5W-30,,بهران بهمن
,,,,,بهران مهر
"اسکالا 2000، موتور M4R",رنو,,سوپر رانا 5W-40,بهران اتوماتیک CVT,بهران کولنت
,,,,,بهران بهمن
,,,,,بهران مهر
"اسکالا 1600، موتور K4M",رنو,,سوپر رانا 5W-40,بهران اتوماتیک CVT,بهران کولنت
,,,,,بهران بهمن
,,,,,بهران مهر
داستر موتور F4R17,رنو,,بهران سوپر رانا+ 10W-40,بهران اتوماتیک MV,بهران کولنت
,,,,,بهران بهمن
,,,,,بهران مهر
تلیسمان توربو موتور M5M,رنو,,سوپر رانا 5W-40,بهران اتوماتیک DCT,بهران کولنت
,,,,,بهران بهمن
,,,,,بهران مهر
"سفران 2000، موتور M4R",رنو,,سوپر رانا 5W-40,,بهران کولنت
,,,,,بهران بهمن
,,,,,بهران مهر
"سفران 2500، موتور VQ25",رنو,,سوپر رانا 5W-40,,بهران کولنت
,,,,,بهران بهمن
,,,,,بهران مهر
"فلوئنس اتومات، موتور M4R",رنو,,سوپر رانا 5W-40,بهران اتوماتیک CVT,بهران کولنت
,,,,,بهران بهمن
,,,,,بهران مهر
"تندر 90 پلاس اتومات، موتور K4M-C6",رنو,,بهران سوپر پیشتاز 10W-40,بهران اتوماتیک MV,بهران مهر
,,,,,بهران بهمن
,,,,,بهران کولنت
"ساندرو استپ وی اتومات، موتور K4M-C6",رنو,,بهران سوپر پیشتاز 10W-40,بهران اتوماتیک MV,بهران کولنت
,,,بهران رانا 10W-40,,بهران بهمن
,,,,,بهران مهر
"ساندرو اتومات،موتور K4M-C6",رنو,,بهران سوپر پیشتاز 10W-40,بهران اتوماتیک MV,بهران کولنت
,,,بهران رانا 10W-40,,بهران بهمن
,,,,,بهران مهر
"سیمبل اتومات، موتور K4M",رنو,,سوپر رانا 5W-40,بهران اتوماتیک MV,بهران کولنت
,,,,,بهران بهمن
,,,,,بهران مهر
کپچر موتور H5Ft I4 Tce,رنو,,بهران سوپر رانا+ 10W-40,بهران اتوماتیک DCT,بهران کولنت
,,,,,بهران بهمن
,,,,,بهران مهر
کولئوس موتور H45,رنو,,بهران سوپر رانا+ 10W-40,بهران اتوماتیک CVT,بهران کولنت
,,,,,بهران بهمن
,,,,,بهران مهر
"مگان 2000، موتور F4R17",رنو,,بهران رانا 10W-40,بهران اتوماتیک MV,بهران بهمن
,,,,,بهران کولنت
"مگان 1600، موتور K4M",رنو,,بهران رانا 10W-40,بهران سمند NFJ 75W-80,بهران کولنت
,,,,,بهران بهمن
,,,,,بهران مهر
,,,بهران سوپر پیشتاز 20W-50,,بهران مهر
,,,,,بهران بهمن
,,,بهران سوپر پیشتاز 20W-50,,بهران مهر
,,,,,بهران بهمن
,,,بهران سوپر پیشتاز 10W-40,,بهران مهر
,,,,,بهران بهمن
,,,بهران سوپر پیشتاز 20W-50,,بهران مهر
,,,,,بهران بهمن
,,,بهران سوپر پیشتاز 20W-50,,بهران مهر
,,,,,بهران بهمن
,,,بهران سوپر پیشتاز 10W-40,,بهران مهر
,,,,,بهران بهمن
,,,بهران سوپر پیشتاز 10W-40,,بهران مهر
,,,,,بهران بهمن
,,,بهران سوپر پیشتاز 10W-40,,بهران مهر
,,,,,بهران بهمن
,,,بهران رانا 10W-40,,بهران بهمن
,,,,,بهران مهر
GT86 موتور FA20,تویوتا,,بهران سوپر رانا 0W-20,بهران اتوماتیک MVLV,بهران پلور LPO
,,,,,بهران بهمن
"لندکروزر GXR سری 200، موتور 1GR-FE",تویوتا,,سوپر رانا 5W-30 و 5W-40,بهران اتوماتیک MVLV,بهران بهمن
,,,,,بهران پلور LPO
"لندکروزر GXR سری 200 فیس لیفت، موتور 1GR-FE",تویوتا,,سوپر رانا 5W-30 و 5W-40,بهران اتوماتیک MVLV,بهران بهمن
,,,,,بهران پلور LPO
"لندکروزر VXR سری 200، موتور 2UZ-FE",تویوتا,,سوپر رانا 5W-30 و 5W-40,بهران اتوماتیک MVLV,بهران بهمن
,,,,,بهران پلور LPO
"لندکروزر VXR سری 200 موتور لکسوس، موتور 3UR-FE",تویوتا,,سوپر رانا 5W-30 و 5W-40,بهران اتوماتیک MVLV,بهران پلور LPO
,,,,,بهران بهمن
"آریون XV40، موتور 2GR-FE",تویوتا,,بهران سوپر رانا 5W-30,بهران اتوماتیک MVLV,بهران پلور LPO
,,,,,بهران بهمن
"آریون XV50، موتور 2GR-FE",تویوتا,,بهران سوپر رانا 5W-30,بهران اتوماتیک MVLV,بهران پلور LPO
,,,,,بهران بهمن
"راوفور فیس لیفت، موتور 2AR-FE",تویوتا,,بهران سوپر رانا 5W-30,بهران اتوماتیک MVLV,بهران پلور LPO
,,,,,بهران بهمن
FJ کروزر موتور 1GR-FE,تویوتا,,بهران سوپر رانا 5W-30,بهران اتوماتیک MVLV,بهران بهمن
,,,,,بهران پلور LPO
پریوس موتور 2ZR-FXE,تویوتا,,بهران سوپر رانا 0W-20,بهران اتوماتیک MVLV,بهران بهمن
,,,,,بهران پلور LPO
"پرادو 120 شش سیلندر چهار درب، موتور 1GR-FE",تویوتا,,سوپر رانا 5W-30 و 5W-40,بهران اتوماتیک MVLV,بهران پلور LPO
,,,,,بهران بهمن
"پرادو پرادو 150 شش سیلندر چهار درب، موتور 1GR-FE",تویوتا,,سوپر رانا 5W-30 و 5W-40,بهران اتوماتیک MVLV,بهران بهمن
,,,,,بهران پلور LPO
"پرادو پرادو 120 چهار سیلندر چهار درب، موتور 2TR-FE",تویوتا,,سوپر رانا 5W-30 و 5W-40,بهران اتوماتیک MVLV,بهران بهمن
,,,,,بهران پلور LPO
"پرادو پرادو 150 چهار سیلندر چهار درب، موتور 2TR-FE",تویوتا,,سوپر رانا 5W-30 و 5W-40,بهران اتوماتیک MVLV,بهران بهمن
,,,,,بهران پلور LPO
"پرادو پرادو 120 شش سیلندر دو درب، موتور 1GR-FE",تویوتا,,سوپر رانا 5W-30 و 5W-40,بهران اتوماتیک MVLV,بهران بهمن
,,,,,بهران پلور LPO
"پرادو پرادو 150 شش سیلندر دو درب، موتور 1GR-FE",تویوتا,,سوپر رانا 5W-30 و 5W-40,بهران اتوماتیک MVLV,بهران بهمن
,,,,,بهران پلور LPO
"پرادو پرادو 120 چهار سیلندر دو درب، موتور 2TR-FE",تویوتا,,سوپر رانا 5W-30 و 5W-40,بهران اتوماتیک MVLV,بهران بهمن
,,,,,بهران پلور LPO
"پرادو پرادو 150چهار سیلندر دو درب، موتور 2TR-FE",تویوتا,,سوپر رانا 5W-30 و 5W-40,بهران اتوماتیک MVLV,بهران بهمن
,,,,,بهران پلور LPO
راوفور موتور 2AR-FE,تویوتا,,بهران سوپر رانا 5W-30,بهران اتوماتیک MVLV,بهران پلور LPO
,,,,,بهران بهمن
"فورچونر موتور، 1GR-FE",تویوتا,,بهران سوپر رانا 5W-30,بهران اتوماتیک MVLV,بهران بهمن
,,,,,بهران پلور LPO
,,,بهران سوپر رانا 0W-20,,
,,,بهران سوپر رانا 0W-20,,
"هایس دیزلی، موتور 2KD-FTV",تویوتا,,بهران سوپر رانا 5W-30,,بهران پلور LPO
,,,,,بهران بهمن
"هایس بنزینی، موتور 2AR-FE",تویوتا,,بهران سوپر رانا 5W-30,,بهران پلور LPO
,,,,,بهران بهمن
"هایلوکس ویگو 2 کابین بنزینی، موتور 2TR-FE",تویوتا,,بهران سوپر رانا+ 10W-40,,بهران بهمن
,,,,,بهران پلور LPO
"هایلوکس ویگو 2 کابین دیزلی، موتور 2KD-FTV",تویوتا,,بهران سوپر رانا+ 10W-40,,بهران بهمن
,,,,,بهران پلور LPO
"هایلوکس روو 2 کابین بنزینی، موتور 2TR-FE",تویوتا,,بهران سوپر رانا+ 10W-40,,بهران بهمن
,,,,,بهران پلور LPO
"هایلوکس ویگو تک کابین بنزینی، موتور 2TR-FE",تویوتا,,بهران سوپر رانا+ 10W-40,,بهران بهمن
,,,,,بهران پلور LPO
"کرولا 1800 XLI، موتور 2ZR-FE",تویوتا,,بهران سوپر رانا 5W-30,,بهران پلور LPO
,,,,,بهران بهمن
"کرولا 1800 GLI، موتور 2ZR-FE",تویوتا,,بهران سوپر رانا 5W-30,,بهران پلور LPO
,,,,,بهران بهمن
"کرولا 2000 XLI، موتور 3ZR-FE",تویوتا,,بهران سوپر رانا 0W-20,بهران اتوماتیک MVLV,بهران پلور LPO
,,,,,بهران بهمن
"کرولا 2000 GLI، موتور 3ZR-FE",تویوتا,,بهران سوپر رانا 0W-20,بهران اتوماتیک MVLV,بهران بهمن
,,,,,بهران پلور LPO
"کمری XV50 فیس لیفت هیبرید LE، موتور 2AR-FXE",تویوتا,,بهران سوپر رانا 0W-20,بهران اتوماتیک MVLV,بهران پلور LPO
,,,,,بهران بهمن
"کمری XV50 فیس لیفت هیبرید XLE، موتور 2AR-FXE",تویوتا,,بهران سوپر رانا 0W-20,بهران اتوماتیک MVLV,بهران پلور LPO
,,,,,بهران بهمن
"کمری XV40 سری GL، موتور 2AZ-FE",تویوتا,,بهران سوپر رانا 5W-30,بهران اتوماتیک MVLV,بهران پلور LPO
,,,,,بهران بهمن
"کمری XV40 سری GLX، موتور 2AZ-FE",تویوتا,,بهران سوپر رانا 5W-30,بهران اتوماتیک MVLV,بهران پلور LPO
,,,,,بهران بهمن
"کمری XV40 سری SE، موتور 2AZ-FE",تویوتا,,بهران سوپر رانا 5W-30,بهران اتوماتیک MVLV,بهران پلور LPO
,,,,,بهران بهمن
"کمری XV40 سری LE، موتور 2AZ-FE",تویوتا,,بهران سوپر رانا 5W-30,بهران اتوماتیک MVLV,بهران پلور LPO
,,,,,بهران بهمن
"کمری XV40 سری GLI، موتور 2AZ-FE",تویوتا,,بهران سوپر رانا 5W-30,بهران اتوماتیک MVLV,بهران پلور LPO
,,,,,بهران بهمن
"کمری XV50 سری GL، موتور 2AR-FE",تویوتا,,بهران سوپر رانا 0W-20,بهران اتوماتیک MVLV,بهران پلور LPO
,,,,,بهران بهمن
"کمری XV50 سری GLX، موتور 2AR-FE",تویوتا,,بهران سوپر رانا 0W-20,بهران اتوماتیک MVLV,بهران پلور LPO
,,,,,بهران بهمن
"کمری XV50 فیس لیفت سری GLX، موتور 2AR-FE",تویوتا,,بهران سوپر رانا 0W-20,بهران اتوماتیک MVLV,بهران پلور LPO
,,,,,بهران بهمن
"یاریس XP90 هاچ بک، موتور 2NZ-FE",تویوتا,,بهران سوپر رانا 5W-30,بهران اتوماتیک MV,بهران بهمن
,,,,,بهران پلور LPO
کد موتور 2NZ-FE,تویوتا,,بهران سوپر رانا 5W-30,,بهران بهمن
,,,,,بهران پلور LPO
"یاریس XP90 سدان، موتور 2NZ-FE",تویوتا,,بهران سوپر رانا 5W-30,بهران اتوماتیک MV,بهران بهمن
,,,,,بهران پلور LPO
"یاریس XP130 هاچ بک، موتور 2NZ-FE",تویوتا,,بهران سوپر رانا 5W-30,بهران اتوماتیک MV,بهران بهمن
,,,,,بهران پلور LPO
"یاریس XP150، هاچ بک موتور 1NZ-FE",تویوتا,,بهران سوپر رانا 5W-30,بهران اتوماتیک MV,بهران بهمن
,,,,,بهران پلور LPO
"یاریس XP150، سدان موتور 1NZ-FE",تویوتا,,بهران سوپر رانا 5W-30,بهران اتوماتیک MV,بهران بهمن
,,,,,بهران پلور LPO
"CHR موتور توربو، 8NR-FTS",تویوتا,,بهران سوپر رانا 5W-30,بهران اتوماتیک CVT,بهران بهمن
,,,,,بهران پلور LPO
"CHR موتور هیبرید، 2ZR-FXE",تویوتا,,بهران سوپر رانا 0W-20,بهران اتوماتیک CVT,بهران بهمن
,,,,,بهران پلور LPO
,,,بهران سوپر رانا 5W-30,,بهران بهمن
,,,,,بهران مهر
,,,بهران سوپر رانا 5W-30,,بهران بهمن
,,,,,بهران مهر
,,,بهران سوپر رانا 5W-30,,بهران بهمن
,,,,,بهران مهر
,,,بهران سوپر رانا 5W-30,,بهران بهمن
,,,,,بهران مهر
,,,بهران سوپر رانا 5W-30,,بهران بهمن
,,,,,بهران مهر
,,,بهران سوپر رانا 5W-30,,بهران بهمن
,,,,,بهران مهر
,,,بهران سوپر رانا 5W-30,,بهران بهمن
,,,,,بهران مهر
,,,بهران سوپر رانا 5W-30,,بهران بهمن
,,,,,بهران مهر
,,,بهران سوپر رانا 5W-30,,بهران بهمن
,,,,,بهران مهر
,,,بهران سوپر رانا+ 5W-30,,بهران بهمن
,,,,,بهران مهر
,,,بهران سوپر رانا 5W-30,,بهران بهمن
,,,,,بهران مهر
"آریزو 5 موتور E4G16، دنده دستی",مدیران خودرو,,سوپر رانا 5W-40,بهران سمند ویژه,بهران کولنت
,,,,بهران سمند,بهران بهمن
,,,,,بهران مهر
,,,سوپر رانا 5W-40,,بهران کولنت
,,,,,بهران بهمن
,,,,,بهران مهر
,,,سوپر رانا 5W-40,,بهران کولنت
,,,,,بهران بهمن
,,,,,بهران مهر
بایک سنوا توربوشارژ موتور B235,بایک موتور,,بهران رانا 5W-30,بهران اتوماتیک MV,بهران مهر
,,,,,بهران کولنت
,,,,,بهران بهمن
تیگو 7 موتور توربو SQRE4T15B,مدیران خودرو,,سوپر رانا 5W-40,,بهران مهر
,,,,,بهران کولنت
,,,,,بهران بهمن
"سراتو مونتاژ 2000، موتور Theta II MPi I4",کیا KIA,,سوپر رانا 5W-40,بهران اتوماتیک MVLV,بهران پلور LPO
,,,بهران سوپر رانا 5W-30,,بهران بهمن
"ریو موتور، G4FA",کیا KIA,,بهران پیشتاز 10W-40,,بهران بهمن
,,,,,بهران پلور LPO
"سراتو وارداتی، موتور G4NA",کیا KIA,,سوپر رانا 5W-40,بهران اتوماتیک MVLV,بهران پلور LPO
,,,بهران سوپر رانا 5W-30,,بهران بهمن
"سراتو مونتاژ 1600، موتور Gamma G4FC MPi I4",کیا KIA,,سوپر رانا 5W-40,بهران سمند,بهران پلور LPO
,,,بهران سوپر رانا 5W-30,,بهران بهمن
,,,بهران سوپر رانا 10W-40,,بهران بهمن
,,,,,بهران مهر
"سورنتو UM، موتور THETA II GDI I4",کیا KIA,,بهران اولترا رانا 5W-30,بهران اتوماتیک MVLV,بهران پلور LPO
,,,بهران سوپر رانا 5W-30,,بهران بهمن
"اپتیما TF، موتور THETA II I4",کیا KIA,,بهران اولترا رانا 5W-30,بهران اتوماتیک MVLV,بهران پلور LPO
,,,بهران سوپر رانا 5W-30,,بهران بهمن
"اپتیما JF، موتور THETA II GDI I4",کیا KIA,,بهران اولترا رانا 5W-30,بهران اتوماتیک MVLV,بهران پلور LPO
,,,بهران سوپر رانا 5W-30,,بهران بهمن
"اپتیما JF هیبرید، موتور G4NG GDI I4",کیا KIA,,بهران اولترا رانا 5W-30,بهران اتوماتیک MVLV,بهران پلور LPO
,,,بهران سوپر رانا 5W-30,,بهران بهمن
پیکانتو موتور kappa ll,کیا KIA,,بهران اولترا رانا 5W-30,بهران اتوماتیک MV,بهران پلور LPO
,,,بهران سوپر رانا 5W-30,,بهران بهمن
,,,بهران سوپر رانا 5W-30,,بهران مهر
,,,,,بهران بهمن
,,,بهران سوپر رانا 5W-30,,بهران بهمن
,,,,,بهران مهر
,,,بهران سوپر رانا 5W-30,,بهران مهر
,,,,,بهران بهمن
,,,سوپر رانا 5W-40,,بهران مهر
,,,,,بهران بهمن
,,,سوپر رانا 5W-40,,بهران مهر
,,,,,بهران بهمن
,,,سوپر رانا 5W-40,,بهران مهر
,,,,,بهران بهمن
,,,سوپر رانا 5W-40,,بهران مهر
,,,,,بهران بهمن
,,,بهران سوپر رانا 5W-30,,
2 کد موتور ZY-VE,مزدا,,بهران سوپر رانا 5W-30,بهران اتوماتیک MV,بهران پلور LPO
,,,,,بهران بهمن
3 موتور MZR2,مزدا,,بهران سوپر رانا 5W-30,بهران اتوماتیک MV,بهران بهمن
,,,,,بهران پلور LPO
"3 نیو، موتور 2 لیتری MZR",مزدا,,سوپر رانا 5W-40,بهران اتوماتیک MV,بهران بهمن
,,,,,بهران پلور LPO
B30 موتور CA4GB16,بسترن,,سوپر رانا 5W-40,بهران اتوماتیک MV,بهران مهر
,,,,,بهران بهمن
"B50 F، موتور CA4GD5 اتومات",بسترن,,سوپر رانا 5W-40,بهران اتوماتیک MV,بهران مهر
,,,,,بهران بهمن
"B50 موتور CA4GB16، اتومات",بسترن,,سوپر رانا 5W-40,بهران اتوماتیک MV,بهران مهر
,,,,,بهران بهمن
"C5 موتور، EW10 I4",سیتروئن,,بهران سوپر رانا+ 10W-40,,بهران مهر
,,,,,بهران کولنت
,,,,,بهران بهمن
C5 نیو موتور EW10 I4,سیتروئن,,بهران سوپر رانا+ 10W-40,,بهران مهر
,,,,,بهران کولنت
,,,,,بهران بهمن
موتور XU7/JP4,سیتروئن,,بهران سوپر پیشتاز 10W-40,,بهران کولنت
,,,,,بهران بهمن
,,,,,بهران مهر
موتور XU10 J4R,سیتروئن,,بهران سوپر پیشتاز 10W-40,,بهران کولنت
,,,,,بهران بهمن
,,,,,بهران مهر
سیویک موتور R18Z1,هوندا,,بهران سوپر رانا 0W-20,,بهران بهمن
,,,,,بهران پلور LPO
آکورد موتور K24W,هوندا,,بهران سوپر رانا 0W-20,,بهران بهمن
,,,,,بهران پلور LPO
"CRV موتور، K24W",هوندا,,بهران سوپر رانا 0W-20,,بهران بهمن
,,,,,بهران پلور LPO
میراژ موتور 3A92,میتسوبیشی,,بهران سوپر رانا 0W-20,بهران اتوماتیک CVT,بهران پلور LPO
,,,,,بهران بهمن
ASX موتور 4B11,میتسوبیشی,,بهران سوپر رانا+ 5W-30,بهران اتوماتیک CVT,بهران بهمن
,,,,,بهران پلور LPO
"لنسر 1600، موتور 4A92 دنده ای",میتسوبیشی,,بهران سوپر رانا+ 5W-30,بهران سمند,بهران بهمن
,,,,,بهران پلور LPO
"لنسر 1800، موتور 4j10",میتسوبیشی,,بهران سوپر رانا+ 5W-30,بهران اتوماتیک CVT,بهران بهمن
,,,,,بهران پلور LPO
اوتلندر موتور 4j12,میتسوبیشی,,بهران سوپر رانا+ 5W-30,بهران اتوماتیک CVT,بهران بهمن
,,,,,بهران پلور LPO
"اوتلندر فیس لیفت، موتور 4j12",میتسوبیشی,,بهران سوپر رانا+ 5W-30,بهران اتوماتیک CVT,بهران بهمن
,,,,,بهران پلور LPO
"اوتلندر فیس لیفت PHEV، موتور 4b11",میتسوبیشی,,بهران سوپر رانا+ 5W-30,بهران اتوماتیک CVT,بهران بهمن
,,,,,بهران پلور LPO
"کیزاشی موتور J24B، اتومات",سوزوکی,,سوپر رانا 5W-40,بهران اتوماتیک CVT,بهران کولنت
,,,,,بهران بهمن
,,,,,بهران مهر
"گرندویتارا 2000، موتور J20A اتومات",سوزوکی,,سوپر رانا 5W-40,بهران اتوماتیک MV,بهران کولنت
,,,,,بهران بهمن
,,,,,بهران مهر
بایک سابرینا دنده ای موتور A151,بایک موتور,,بهران سوپر پیشتاز 10W-40,بهران سمند ویژه,بهران مهر
,,,,,بهران کولنت
,,,,,بهران بهمن
"گرندویتارا 2400، موتور J24B اتومات",سوزوکی,,سوپر رانا 5W-40,بهران اتوماتیک MV,بهران کولنت
,,,,,بهران بهمن
,,,,,بهران مهر
"i10 موتور، kappa ll",هیوندای,,بهران سوپر رانا 5W-30,,بهران بهمن
,,,,,بهران پلور LPO
i20 fh موتور Gamma,هیوندای,,بهران سوپر رانا 5W-30,بهران اتوماتیک MVLV,بهران بهمن
,,,,,بهران پلور LPO
سوناتا موتور Theta,هیوندای,,بهران سوپر رانا 5W-30,,بهران بهمن
,,,,,بهران پلور LPO
النترا موتور NU,هیوندای,,بهران سوپر رانا 5W-30,,بهران بهمن
,,,,,بهران پلور LPO
"توسان موتور، NU",هیوندای,,بهران سوپر رانا 5W-30,,بهران بهمن
,,,,,بهران پلور LPO
سانتافه موتور Theta ll Gdi,هیوندای,,بهران سوپر رانا 5W-30,,بهران بهمن
,,,,,بهران پلور LPO
اکسنت موتور Gamma ll,هیوندای,,بهران سوپر رانا 5W-30,,بهران بهمن
,,,,,بهران پلور LPO
"آزرا موتور، Theta ll Gdi",هیوندای,,بهران سوپر رانا 5W-30,,بهران بهمن
,,,,,بهران پلور LPO
,,,بهران سوپر پیشتاز 10W-40,,بهران بهمن
,,,,,بهران مهر
"بایک X25 موتور،A151",بایک موتور,,بهران سوپر پیشتاز 10W-40,بهران اتوماتیک MV,بهران مهر
,,,,,بهران کولنت
,,,,,بهران بهمن
F3 نیو موتور 4G15S,بی وای دی,,بهران رانا 5W-30,,بهران کولنت
,,,,,بهران بهمن
,,,,,بهران مهر
S6 موتور 4G69,بی وای دی,,بهران رانا 5W-30,,بهران مهر
,,,,,بهران کولنت
,,,,,بهران بهمن
S7 توربو موتور BYD487ZQA,بی وای دی,,بهران رانا 5W-30,,بهران کولنت
,,,,,بهران بهمن
,,,,,بهران مهر
تینا موتور VQ25DE,نیسان,,بهران رانا 5W-30,,بهران بهمن
,,,,,بهران پلور LPO
"ماکسیما موتور VQ30، اتومات",نیسان,,بهران رانا 20W-50,بهران اتوماتیک MV,بهران بهمن
,,,,,بهران پلور LPO
پیکاپ موتور- KA24DE,نیسان,,بهران سوپر پیشتاز 10W-40,,بهران بهمن
,,,,,بهران پلور LPO
نیوپیکاپ موتور KA-24DE,نیسان,,بهران سوپر پیشتاز 10W-40,,بهران بهمن
,,,,,بهران پلور LPO
"رونیز موتور، KA24DE",نیسان,,بهران سوپر پیشتاز 10W-40,,بهران بهمن
,,,,,بهران پلور LPO
سرانزا موتور KA24DE,نیسان,,بهران سوپر پیشتاز 10W-40,,بهران بهمن
,,,,,بهران پلور LPO
قشقایی موتور MR20DE,نیسان,,بهران رانا 5W-30,بهران اتوماتیک CVT,بهران پلور LPO
,,,,,بهران بهمن
مورانو موتور VQ35DE,نیسان,,بهران رانا 5W-30,بهران اتوماتیک CVT,بهران پلور LPO
,,,,,بهران بهمن
"نیو مورانو موتور، VQ35DE",نیسان,,بهران رانا 5W-30,بهران اتوماتیک CVT,بهران پلور LPO
,,,,,بهران بهمن
هاوال M4 موتور GW4G15,گریت وال,,بهران رانا 5W-30,بهران سمند,بهران کولنت
,,,,,بهران بهمن
,,,,,بهران مهر
هاوال H2 توربوشارژ موتور GW4G15B,گریت وال,,سوپر رانا 5W-40,بهران اتوماتیک MVLV,بهران کولنت
,,,,,بهران بهمن
,,,,,بهران مهر
هاوال H9 توربوشارژ موتور GW4C20A,گریت وال,,سوپر رانا 5W-40,,بهران کولنت
,,,,,بهران بهمن
,,,,,بهران مهر
وینگل 3 موتور 4G69S4N,گریت وال,,بهران رانا 5W-30,,بهران کولنت
,,,,,بهران بهمن
,,,,,بهران مهر
"وینگل 5 موتور، 4G69S4N",گریت وال,,بهران رانا 5W-30,,بهران مهر
,,,,,بهران کولنت
,,,,,بهران بهمن
,,,بهران رانا 10W-40,,بهران بهمن
,,,بهران رانا 10W-40,,بهران بهمن
,,,بهران رانا 10W-40,,بهران بهمن
,,,بهران سوپر پیشتاز 10W-40,,بهران بهمن
"C3 توربوشارژ، THP165",سیتروئن,,بهران سوپر رانا+ 5W-30,,بهران بهمن
,,,,,بهران کولنت
323 4 سیلندر.,مزدا,,بهران سوپر پیشتاز 10W-40,,
,,,بهران سوپر پیشتاز 10W-40,,
,,,بهران پیشتاز 20W-50,,
,,,بهران پیشتاز 20W-50,,
,,,بهران سوپر پیشتاز 10W-40,,
"405 موتور، XU7JPL3",پژو peugeot,,بهران سوپر پیشتاز 20W-50,بهران سمند NFJ 75W-80,بهران مهر
,,,,بهران سمند ویژه,بهران کولنت
,,,,,بهران بهمن
,,,بهران سوپر پیشتاز 20W-50,,بهران بهمن
,,,,,بهران مهر
"405 SLX 1800، موتور XU7JPL3",پژو peugeot,,بهران سوپر پیشتاز 20W-50,بهران سمند NFJ 75W-80,بهران مهر
,,,,بهران سمند ویژه,بهران کولنت
,,,,,بهران بهمن
"405 SLX 1600، موتور TU5JP4L4",پژو peugeot,,بهران سوپر پیشتاز 10W-40,بهران سمند NFJ 75W-80,بهران بهمن
,,,,بهران سمند ویژه,بهران کولنت
,,,,,بهران مهر
"206 تیپ 2، موتور TU3",پژو peugeot,,بهران سوپر پیشتاز 10W-40,بهران سمند NFJ 75W-80,بهران بهمن
,,,,بهران سمند ویژه,بهران کولنت
,,,,,بهران مهر
"206 تیپ 5، موتور TU5",پژو peugeot,,بهران سوپر پیشتاز 10W-40,بهران سمند NFJ 75W-80,بهران مهر
,,,,بهران سمند ویژه,بهران کولنت
,,,,,بهران بهمن
پارس موتور XU7JPL3,پژو peugeot,,بهران سوپر پیشتاز 20W-50,بهران سمند NFJ 75W-80,بهران بهمن
,,,,بهران سمند ویژه,بهران کولنت
,,,,,بهران مهر
پارس موتور TU5JP4L4,پژو peugeot,,بهران سوپر پیشتاز 10W-40,بهران سمند NFJ 75W-80,بهران بهمن
,,,,بهران سمند ویژه,بهران کولنت
,,,,,بهران مهر
"زانتیا موتور 2000، XU10J4R",سیتروئن,,بهران سوپر پیشتاز 10W-40,,بهران کولنت
,,,,,بهران بهمن
,,,,,بهران مهر
,,,بهران سوپر پیشتاز 10W-40,,بهران مهر
,,,,,بهران بهمن
"زانتیا موتور 1800، XU7/JP4",سیتروئن,,بهران سوپر پیشتاز 10W-40,,بهران کولنت
,,,,,بهران بهمن
,,,,,بهران مهر
,,,بهران سوپر پیشتاز 10W-40,,بهران مهر
,,,,,بهران بهمن
"دنا دنا معمولی، موتور EF7",ایران خودرو,,بهران سوپر پیشتاز 10W-40,بهران سمند ویژه 75W-80/ بهران سمند NFJ 75W-80,بهران مهر
,,,,,بهران کولنت
,,,,,بهران بهمن
"دنا دنا پلاس، موتور EF7",ایران خودرو,,بهران سوپر پیشتاز 10W-40,بهران سمند ویژه 75W-80/ بهران سمند NFJ 75W-80,بهران مهر
,,,,,بهران کولنت
,,,,,بهران مهر
"دنا دنا پلاس توربو دستی، موتور EF7 TC",ایران خودرو,,بهران سوپر رانا+ 10W-40,بهران سمند NFJ 75W-80,بهران بهمن
,,,بهران رانا 10W-40,بهران سمند ویژه,بهران کولنت
,,,,,بهران مهر
"سمند سورن ELX، موتور EF7",ایران خودرو,,بهران سوپر پیشتاز 10W-40,بهران سمند ویژه,بهران مهر
,,,,,بهران کولنت
,,,,,بهران بهمن
"سمند سورن ELX توربو، موتور EF7 TC",ایران خودرو,,بهران سوپر پیشتاز 10W-40,بهران سمند ویژه,بهران مهر
,,,,,بهران کولنت
,,,,,بهران بهمن
"سمند سمند SE، موتور XU7JPL3",ایران خودرو,,بهران سوپر پیشتاز 20W-50,بهران سمند ویژه,بهران کولنت
,,,,,بهران بهمن
,,,,,بهران مهر
"سمند سمند سریر، موتور XU7JP4",ایران خودرو,,بهران سوپر پیشتاز 20W-50,بهران سمند ویژه,بهران کولنت
,,,,,بهران بهمن
,,,,,بهران مهر
"سمند سمند LX ، موتور EF7",ایران خودرو,,بهران سوپر پیشتاز 10W-40,بهران سمند ویژه,بهران مهر
,,,,,بهران کولنت
,,,,,بهران بهمن
"سمند سمند 1800 LX ، موتور XU7JPL3",ایران خودرو,,بهران سوپر پیشتاز 20W-50,بهران سمند ویژه,بهران مهر
,,,,,بهران کولنت
,,,,,بهران بهمن
"سمند سمند ساده، موتور XU7JPL3",ایران خودرو,,بهران سوپر پیشتاز 20W-50,بهران سمند ویژه,بهران مهر
,,,,,بهران کولنت
,,,,,بهران بهمن
"موهاوی موتور 8 سیلندر، G8BA",کیا KIA,,سوپر رانا 5W-40,بهران اتوماتیک MV,بهران پلور LPO
,,,,,بهران بهمن
"موهاوی موتور 6 سیلندر، G6DA",کیا KIA,,سوپر رانا 5W-40,بهران اتوماتیک MV,بهران پلور LPO
,,,,,بهران بهمن
,,,سوپر رانا 5W-40,,
کادنزا موتور G6DC,کیا KIA,,سوپر رانا 5W-40,بهران اتوماتیک MVLV,بهران پلور LPO
,,,,,بهران بهمن
"کادنزا فیس لیفت، موتور G6DC",کیا KIA,,سوپر رانا 5W-40,بهران اتوماتیک MVLV,بهران پلور LPO
,,,,,بهران بهمن
"اسپورتیج QL، موتور G4KJ",کیا KIA,,بهران اولترا رانا 5W-30,بهران اتوماتیک MVLV,بهران بهمن
,,,بهران سوپر رانا 5W-30,,بهران پلور LPO
"اسپورتیج SL، موتور G4KJ",کیا KIA,,بهران سوپر رانا 5W-30,بهران اتوماتیک MVLV,بهران پلور LPO
,,,بهران اولترا رانا 5W-30,,بهران بهمن
"اسپورتیج SL فیس لیفت، موتور G4KJ",کیا KIA,,بهران اولترا رانا 5W-30,بهران اتوماتیک MVLV,بهران پلور LPO
,,,بهران سوپر رانا 5W-30,,بهران بهمن
"پیکانتو فیس لیفت، موتور kappa ll",کیا KIA,,بهران اولترا رانا 5W-30,بهران اتوماتیک MV,بهران پلور LPO
,,,بهران سوپر رانا 5W-30,,بهران بهمن
,,,بهران پیشتاز 20W-50,,بهران بهمن
وانت زامیاد بنزینی,زامیاد,,بهران پیشتاز 20W-50,,بهران بهمن
,,,,,بهران کولنت
,,,,,بهران مهر
"CLS 500 8 سیلندر، تویین توربوشارژ",بنز,,بهران سوپر رانا+ 5W-30,,بهران پلور LPO
,,,,,بهران بهمن
C 200 4 سیلندر,بنز,,بهران سوپر رانا+ 5W-30,,بهران پلور LPO
,,,,,بهران بهمن
,,,بهران سوپر رانا+ 5W-30,,بهران پلور LPO
"E 200 4 سیلندر، توربوشارژ",بنز,,بهران سوپر رانا+ 5W-30,,بهران پلور LPO
,,,,,بهران بهمن
"E 250 چهار سیلندر، توربوشارژ",بنز,,بهران سوپر رانا+ 5W-30,,بهران پلور LPO
,,,,,بهران بهمن
کاین 6 سیلندر,پورشه,,بهران سوپر رانا+ 5W-30,,بهران پلور LPO
120i 4سیلندر توربوشارژ,ب ام و,,بهران سوپر رانا+ 5W-30,,بهران پلور LPO
220i چهار سیلندر توربو,ب ام و,,بهران سوپر رانا+ 5W-30,,
328i چهار سیلندر موتور توربو,ب ام و,,بهران سوپر رانا+ 5W-30,,بهران پلور LPO
428i چهار سیلندر توربوشارژ,ب ام و,,بهران سوپر رانا+ 5W-30,,بهران پلور LPO
X3-28i 4 سیلندر توربو,ب ام و,,بهران سوپر رانا+ 5W-30,,بهران پلور LPO
"X4-28i 4 سیلندر، موتور توربو N20B20",ب ام و,,بهران سوپر رانا+ 5W-30,,بهران پلور LPO
"X1-28i 4- سیلندر، توربوشارژ",ب ام و,,بهران سوپر رانا+ 5W-30,,بهران پلور LPO
,,,,,بهران بهمن
,,,بهران سوپر رانا+ 5W-30,,بهران پلور LPO
,,,,,بهران بهمن
Z4-28i 4 سیلندر توربوشارژ,ب ام و,,بهران سوپر رانا+ 5W-30,,بهران پلور LPO
,,,,,بهران بهمن
,,,بهران پیشتاز 20W-50,,بهران بهمن
,,,,,بهران کولنت
,,,,,بهران مهر
ROA بنزین سوز,پژو peugeot,,بهران پیشتاز 20W-50,بهران سمند ویژه,بهران بهمن
,,,,,بهران کولنت
,,,,,بهران مهر
RD چهار سیلندر خطی,پژو peugeot,,بهران پیشتاز 20W-50,,بهران بهمن
,,,,,بهران کولنت
,,,,,بهران مهر
,,,بهران سوپر پیشتاز 10W-40,,
"رانا رانا، TU5",ایران خودرو,,بهران سوپر پیشتاز 10W-40,بهران سمند NFJ 75W-80,بهران مهر- بهران بهمن- بهران کولنت
,,,بهران رانا 10W-40,بهران اتوماتیک MVLV,بهران مهر
,,,,,بهران بهمن
,,,,,بهران کولنت
"دنا دنا پلاس توربو اتومات، موتور EF7 TC",ایران خودرو,,بهران سوپر رانا+ 10W-40,بهران اتوماتیک MVLV,بهران بهمن
,,,بهران رانا 10W-40,,بهران مهر
,,,,,بهران کولنت
,,,بهران رانا 10W-40,بهران سمند,بهران کولنت
,,,,,بهران بهمن
,,,,,بهران مهر
"S3 موتور HFC4GB2.3D، دنده اتومات",جک,,بهران رانا 10W-40,بهران اتوماتیک CVT,بهران مهر
,,,,,بهران کولنت
,,,,,بهران بهمن
"S5 توربوشارژ موتور HFC4GA3/1D، اتومات",جک,,بهران رانا 10W-40,بهران اتوماتیک DCT,بهران مهر
,,,,,بهران بهمن
,,,,,بهران کولنت
"H220 موتور BM15L، نیمه اتومات",برلیانس,,بهران سوپر پیشتاز 10W-40,بهران سمند,بهران مهر
,,,,,بهران کولنت
,,,,,بهران بهمن
"H230 موتور، BM15L نیمه اتومات",برلیانس,,بهران سوپر پیشتاز 10W-40,بهران سمند,بهران مهر
,,,,,بهران کولنت
,,,,,بهران بهمن
"H320 موتور 1.5 لیتری، BM15L دنده دستی",برلیانس,,بهران سوپر پیشتاز 10W-40,بهران سمند,بهران مهر
,,,,,بهران کولنت
,,,,,بهران بهمن
"H320 موتور 1.65 لیتری، BM16LB دنده دستی",برلیانس,,بهران سوپر پیشتاز 10W-40,بهران سمند,بهران مهر
,,,,,بهران کولنت
,,,,,بهران بهمن
"H330 موتور 1.65 لیتری، BM16LB دنده دستی",برلیانس,,بهران سوپر پیشتاز 10W-40,بهران سمند,بهران مهر
,,,,,بهران کولنت
,,,,,بهران بهمن
"H330 موتور 1.5 لیتری، BM15L دنده دستی",برلیانس,,بهران سوپر پیشتاز 10W-40,بهران سمند,بهران مهر
,,,,,بهران کولنت
,,,,,بهران بهمن
V5 موتور 4A92A اتومات,برلیانس,,بهران سوپر پیشتاز 10W-40,بهران اتوماتیک MV,بهران مهر
,,,,,بهران کولنت
,,,,,بهران بهمن
"آریزو 5 توربو، SQRE4T15B",مدیران خودرو,,سوپر رانا 5W-40,بهران اتوماتیک CVT,بهران مهر
,,,,,بهران کولنت
,,,,,بهران بهمن
آریزو 6 موتور توربو SQRE4T15B,مدیران خودرو,,سوپر رانا 5W-40,بهران اتوماتیک CVT,بهران مهر
,,,,,بهران کولنت
,,,,,بهران بهمن
"آریزو 5 موتور E4G16، اتومات",مدیران خودرو,,سوپر رانا 5W-40,بهران اتوماتیک CVT,بهران مهر
,,,,,بهران کولنت
,,,,,بهران بهمن
"تیگو 5 موتور SQR484F، دنده دستی",,,سوپر رانا 5W-40,بهران سمند,بهران مهر
,,,,,بهران کولنت
,,,,,بهران بهمن
"تیگو 5 موتور SQR484F، دنده اتومات",مدیران خودرو,,سوپر رانا 5W-40,بهران اتوماتیک CVT,بهران مهر
,,,,,بهران کولنت
,,,,,بهران بهمن
"رانا رانا پلاس، TU5P",ایران خودرو,,بهران رانا 10W-40,بهران سمند NFJ 75W-80,بهران کولنت
,,,,بهران سمند ویژه,بهران بهمن
,,,,,بهران مهر
,,,بهران سوپر رانا 5W-30,بهران اتوماتیک CVT,بهران پلور LPO
,,,بهران اولترا رانا 5W-30,,بهران بهمن
ایکس تریل چهار سیلندر,نیسان,,بهران اولترا رانا 5W-30,بهران اتوماتیک CVT,بهران بهمن
,,,بهران سوپر رانا 5W-30,,بهران پلور LPO
"530 موتورSQR484F، دنده ای",مدیران خودرو,,بهران سوپر پیشتاز 10W-40,بهران سمند,بهران مهر
,,,,,بهران کولنت
,,,,,بهران بهمن
"550 موتور SQR484F، دنده ای",مدیران خودرو,,بهران سوپر پیشتاز 10W-40,بهران سمند,بهران کولنت
,,,,,بهران بهمن
,,,,,بهران مهر
"X22 موتور SQRD4G15B، دنده ای",مدیران خودرو,,بهران سوپر پیشتاز 10W-40,بهران سمند,بهران کولنت
,,,,,بهران بهمن
,,,,,بهران مهر
"X33 موتور SQR484F، دنده ای",مدیران خودرو,,بهران سوپر پیشتاز 10W-40,بهران سمند,بهران کولنت
,,,,,بهران بهمن
,,,,,بهران مهر
"360 موتور، 15S4C دنده دستی",ام جی,,بهران اولترا رانا 5W-30,بهران سمند ویژه,بهران کولنت
,,,بهران سوپر رانا 5W-30,بهران سمند,بهران بهمن
,,,,,بهران مهر
"CS35 موتور JL478QEE، دنده ای",چانگان,,بهران رانا 10W-40,بهران سمند,بهران کولنت
,,,,,بهران بهمن
,,,,,بهران مهر
"ایدو موتور H16NA-DVVT، دنده ای",چانگان,,بهران رانا 10W-40,بهران سمند,بهران کولنت
,,,,,بهران بهمن
,,,,,بهران مهر
"3 نیو، موتور 1.6 لیتری MZR",مزدا,,سوپر رانا 5W-40,بهران سمند,بهران پلور LPO
,,,,,بهران بهمن
"S7 1800 دنده ای،موتور توربو HM484Q-T",هایما,,بهران رانا 10W-40,بهران سمند,بهران مهر
,,,,بهران سمند ویژه,بهران کولنت
,,,,,بهران بهمن
"S7 2000 دنده ای، موتور HM484Q-A",هایما,,بهران رانا 10W-40,بهران سمند ویژه,بهران بهمن
,,,,بهران سمند,بهران کولنت
,,,,,بهران مهر
"تندر 90 پلاس دنده ای، موتور K4M-A6",رنو,,بهران سوپر پیشتاز 10W-40,بهران سمند NFJ 75W-80,بهران مهر
,,,,,بهران کولنت
,,,,,بهران بهمن
"تندر 90 اتومات، موتور K4M-C6",رنو,,بهران سوپر پیشتاز 10W-40,بهران اتوماتیک MV,بهران مهر
,,,,,بهران کولنت
,,,,,بهران بهمن
"تندر 90 دنده ای، موتور K4M-A6",رنو,,بهران سوپر پیشتاز 10W-40,بهران سمند NFJ 75W-80,بهران مهر
,,,,,بهران کولنت
,,,,,بهران بهمن
"سیمبل دنده ای، موتور K4M",رنو,,سوپر رانا 5W-40,بهران سمند NFJ 75W-80,بهران مهر
,,,,,بهران کولنت
,,,,,بهران بهمن
"فلوئنس دنده ای، موتور M4R",رنو,,سوپر رانا 5W-40,بهران سمند ویژه,بهران کولنت
,,,,بهران سمند,بهران بهمن
,,,,,بهران مهر
"ساندرو دنده ای،موتور K4M-C6",رنو,,بهران سوپر پیشتاز 10W-40,بهران سمند NFJ 75W-80,بهران مهر
,,,بهران رانا 10W-40,,بهران کولنت
,,,,,بهران بهمن
"ساندرو استپ وی دنده ای، موتور K4M-C6",رنو,,بهران سوپر پیشتاز 10W-40,بهران سمند NFJ 75W-80,بهران کولنت
,,,بهران رانا 10W-40,,بهران بهمن
,,,,,بهران مهر
,,,بهران اولترا رانا 5W-30,بهران اتوماتیک DCT,بهران پلور LPO
"ایما چهار سیلندر، موتور 4A95TD",لاماری,,بهران اولترا رانا 5W-30,بهران اتوماتیک DCT,بهران پلور LPO
"تارا TU5P، دستی",ایران خودرو,,بهران سوپر پیشتاز 10W-40,بهران سمند,بهران مهر- بهران بهمن- بهران کولنت
,,,بهران سوپر پیشتاز 10W-40,بهران اتوماتیک MVLV,بهران مهر- بهران بهمن- بهران کولنت
"تارا TU5P، اتوماتیک",ایران خودرو,,بهران سوپر پیشتاز 10W-40,بهران اتوماتیک MVLV,بهران مهر- بهران بهمن- بهران کولنت
,,,بهران سوپر رانا+ 5W-30,بهران اتوماتیک CVT,بهران مهر- بهران بهمن- بهران کولنت
,,,بهران رانا 10W-40,,
"تیگو 7 پرو توربو، SQRE4T15C",فونیکس,,بهران رانا 10W-40,بهران اتوماتیک CVT,بهران مهر- بهران بهمن- بهران کولنت
,,,بهران سوپر رانا+ 5W-30,,
آریزو 6 پرو SQRE4T15B,فونیکس,,بهران سوپر رانا+ 5W-30,بهران اتوماتیک CVT,بهران مهر- بهران بهمن- بهران کولنت
,,,بهران رانا 10W-40,,
"FX توربوشارژ، SQRE4T15C",فونیکس,,بهران سوپر رانا+ 5W-30,بهران اتوماتیک DCT,بهران مهر- بهران بهمن- بهران کولنت
,,,بهران اولترا رانا 5W-30,,
"تیگو 8 پرو توربوشارژ، SQRD/T",فونیکس,,بهران رانا 10W-40,بهران اتوماتیک DCT,بهران مهر- بهران بهمن- بهران کولنت
,,,بهران سوپر رانا+ 5W-30,,
"بایک سابرینا اتومات موتور، A151",بایک موتور,,بهران سوپر پیشتاز 10W-40,بهران اتوماتیک MV,بهران مهر
,,,,,بهران کولنت
,,,,,بهران بهمن
S30 موتور TU5 دنده ای,دانگ فنگ,,بهران رانا 10W-40,بهران سمند ویژه,بهران مهر
,,,,,بهران بهمن
,,,,,بهران کولنت
کیزاشی موتور J24B دنده ای,سوزوکی,,سوپر رانا 5W-40,بهران سمند,بهران کولنت
,,,,,بهران بهمن
,,,,,بهران مهر
"گرندویتارا 2000، موتور J20A دنده ای",سوزوکی,,سوپر رانا 5W-40,بهران سمند ویژه,بهران مهر
,,,,,بهران کولنت
,,,,,بهران بهمن
"گرندویتارا 2400، موتور J24B دنده ای",سوزوکی,,سوپر رانا 5W-40,بهران سمند ویژه,بهران کولنت
,,,,,بهران بهمن
,,,,,بهران مهر
X 60 موتور LFB479Q دنده ای,لیفان,,بهران رانا 10W-40,بهران سمند ویژه,بهران بهمن
,,,,بهران سمند,بهران کولنت
,,,,,بهران مهر
X 50 موتور LFB479Q2-B دنده ای,لیفان,,بهران رانا 10W-40,بهران سمند ویژه,بهران بهمن
,,,,بهران سمند,بهران کولنت
,,,,,بهران مهر
"ماکسیما موتور VQ30، دنده ای",نیسان,,بهران رانا 20W-50,بهران سمند,بهران بهمن
,,,,,بهران پلور LPO
